name;associate
Mark Zuckerberg;Marcia Zuckerberg
Mark Thomas;Marcia Thomas
Mark Fischbach;Marcia Fischbach
Mark Wahlberg;Marcia Wahlberg
Mark Hamill;Marcia Hamill
Mark Williams;Marcia Williams
Mark Tuan;Marcia Tuan
Mark Twain;Marcia Twain
Mark Spitz;Marcia Spitz
Mark Burnett;Marcia Burnett
Saint Mark;Saint Marcia
Mark Wahlberg;Marcia Wahlberg
Mark Stone;Marcia Stone
Mark Ruffalo;Marcia Ruffalo
Mark Borowiecki;Marcia Borowiecki
Mark Harmon;Marcia Harmon
Mark Sanchez;Marcia Sanchez
Mark Henry;Marcia Henry
Tom Hiddleston;Tommie Hiddleston
Tom Hardy;Tommie Hardy
Tom Hanks;Tommie Hanks
Tom Felton;Tommie Felton
Tom Waits;Tommie Waits
Tom Cruise;Tommie Cruise
Tom Berenger;Tommie Berenger
Tom Lee Jones;Tommie Lee Jones
Tom Anderson;Tommie Anderson
Tom DeLay;Tommie DeLay
Tom Petty;Tommie Petty
Tom Brady;Tommie Brady
Tom Selleck;Tommie Selleck
Thomas;Tommie
Gene Simmons; Genevi√®ve Simmons
Ben Affleck;Jamina Affleck
Ben Stiller;Jamina Stiller
Ben Roethlisberger;Jamina Roethlisberger
Ben Okri;Jamina Okri
Ben Stein;Jamina Stein
Jagmeet;Jagamata
Ben Kingsley;Jamina Kingsley
Ben Wallace;Jamina Wallace
Ben Alexander;Jamina Alexander
Ben Stein;Jamina Stein
Ben Mowen;Jamina Mowen
Ben Harper;Jamina Harper
Ben Bernanke;Jamina Bernanke
Ben Foster;Jamina Foster
Ben Folds;Jamina Folds
Ben Whishaw;Jamina Whishaw
Ben Barnes;Jamina Barnes
Ben Gordon;Jamina Gordon
Ben Tapuai;Jamina Tapuai
Ben Zobrist;Jamina Zobrist
Ben Savage;Jamina Savage
Ben E. King;Jamina E. King
Ben McCalman;Jamina McCalman
Ben Affleck;Jamina Affleck
Ben Sherman;Jamina Sherman
Ben Tate;Jamina Tate
Ben Hogan;Jamina Hogan
Ben McLemore;Jamina McLemore
Ben Gazzara;Jamina Gazzara
Ben Elton;Jamina Elton
Ben Johnson;Jamina Johnson
Ben Jonson;Jamina Jonson
Ben Revere;Jamina Revere
Ben Davidson;Jamina Davidson
Ben Scrivens;Jamina Scrivens
Ben Howard;Jamina Howard
Ben Coates;Jamina Coates
Ben Vereen;Jamina Vereen
Ben Bass;Jamina Bass
Ben Drew;Jamina Drew
Ben Crenshaw;Jamina Crenshaw
Ben Burnley;Jamina Burnley
Ben Mendelsohn;Jamina Mendelsohn
Ben Ben Ainslie;Jamina Ben Ainslie
Ben Webster;Jamina Webster
Ben Rothwell;Jamina Rothwell
Ben Daniels;Jamina Daniels
Ben Johnson;Jamina Johnson
Ben Bishop;Jamina Bishop
Ben Sheets;Jamina Sheets
Ben Kweller;Jamina Kweller
Ben Feldman;Jamina Feldman
Ben Hecht;Jamina Hecht
Ben Crompton;Jamina Crompton
